"transID","recordDate","recordDateH","Fromdate","FromdateH","todate","todateH","BranchId","Remarks","NoteID","NoteSerial"
"1","1/31/2017 12:00:00 AM","1438/05/04","1/1/2017 12:00:00 AM","03-04-1438","1/31/2017 12:00:00 AM","04-05-1438","1","","3099","201701089"
"2","2/28/2017 12:00:00 AM","1438/06/02","2/1/2017 12:00:00 AM","05-05-1438","2/28/2017 12:00:00 AM","02-06-1438","1","","3100","201702056"
"3","3/31/2017 12:00:00 AM","1438/07/04","3/1/2017 12:00:00 AM","03-06-1438","3/31/2017 12:00:00 AM","04-07-1438","1","","3101","201703083"
"4","4/30/2017 12:00:00 AM","1438/08/04","4/1/2017 12:00:00 AM","05-07-1438","4/30/2017 12:00:00 AM","04-08-1438","1","","3102","201704139"
"5","5/31/2017 12:00:00 AM","1438/09/06","5/1/2017 12:00:00 AM","05-08-1438","5/31/2017 12:00:00 AM","06-09-1438","1","","3103","201705154"
"6","6/30/2017 12:00:00 AM","1438/10/06","6/1/2017 12:00:00 AM","07-09-1438","6/30/2017 12:00:00 AM","06-10-1438","1","","3104","201706122"
"7","7/31/2017 12:00:00 AM","1438/11/08","7/1/2017 12:00:00 AM","07-10-1438","7/31/2017 12:00:00 AM","08-11-1438","1","","3105","201707115"
"8","8/31/2017 12:00:00 AM","1438/12/09","8/1/2017 12:00:00 AM","09-11-1438","8/31/2017 12:00:00 AM","09-12-1438","1","","3106","201708146"
"9","9/30/2017 12:00:00 AM","1439/01/10","9/1/2017 12:00:00 AM","10-12-1438","9/30/2017 12:00:00 AM","10-01-1439","1","","3107","201709130"
"10","10/31/2017 12:00:00 AM","1439/02/11","10/1/2017 12:00:00 AM","11-01-1439","10/31/2017 12:00:00 AM","11-02-1439","1","","3108","201710164"
